ID,DESCRIPTION,PRICE,QTY,DISCOUNT
1,Loren Ipsum,1.55,10,true
2,Dolor,2.34,10,false
3,Sir amet,3.32,10,false
4,Consectetur adiping,10.50,10,false
5,Elit,3.12,10,false
6,Suspendisse eget,0.45,10,false
7,Placerat massa,37.34,10,false
8,Aenean vulputate,17.43,10,true
9,Quam ac eleifend,1.50,10,false
10,Pharetra,0.99,10,false
11,Integer,4.23,10,false
12,Magna in,32.45,10,false
13,Loren scelerisque,54.30,10,false
14,Efficitur,2.25,10,false
15,Aliquam,3.50,10,false
16,Erat volutpat,18.50,10,false
17,Etian bibendum,9.75,10,false
18,Mauris mauris,0.65,10,false
19,Eget eleifend,1.75,10,false
20,Justo pulvinar,10.12,10,true
21,Quisque,8.17,10,false
22,Ullamcorper,5.63,10,false
23,At velit,17.80,10,false
24,In feugiat,9.99,10,false
25,Aliquet venenatis,7.55,10,false
26,Nisi id,0.45,10,false
27,Malesuada vestibu mi,10.35,10,false
28,Sictum lacus,53.70,10,false
29,Nunc tempor,0.25,10,false